{
    "loss": 23.05740737915039,
    "accuracy": 0.5686274766921997
}