{
    "loss": 0.2956925332546234,
    "accuracy": 0.9803921580314636
}